scheme,battery_charge_kwh,battery_discharge_kwh,battery_throughput_kwh,battery_degradation_cost_cny,ev_charge_kwh,ev_discharge_kwh,ev_throughput_kwh,ev_degradation_cost_cny,total_degradation_cost_cny
S0_no_storage,0.0,0.0,0.0,0.0,2100.355263157895,0.0,2100.355263157895,181.10501315789475,181.10501315789475
S1_rule_storage,0.0,456.0000000000001,456.0000000000001,25.080000000000005,2100.355263157895,0.0,2100.355263157895,181.10501315789475,206.18501315789476
S2_partial_coordination,6573.573872180452,6388.65041964286,12962.224291823311,712.9223360502822,2100.3552631578946,0.0,2100.3552631578946,180.73647563058293,893.6588116808651
S3_full_coordination,6568.42105263158,6384.000000000002,12952.421052631582,712.383157894737,2757.0602493074794,592.67625,3349.7364993074793,288.2462694742932,1000.6294273690302
