scheme,battery_charge_kwh,battery_discharge_kwh,battery_throughput_kwh,battery_degradation_cost_cny,ev_charge_kwh,ev_discharge_kwh,ev_throughput_kwh,ev_degradation_cost_cny,total_degradation_cost_cny
S0_no_storage,0.0,0.0,0.0,0.0,2100.355263157895,0.0,2100.355263157895,181.10501315789475,181.10501315789475
S1_rule_storage,0.0,456.0000000000001,456.0000000000001,22.800000000000008,2100.355263157895,0.0,2100.355263157895,181.10501315789475,203.90501315789476
S2_partial_coordination,6573.573872180452,6388.65041964286,12962.224291823311,648.1112145911657,2100.3552631578946,0.0,2100.3552631578946,180.73647563058293,828.8476902217486
S3_full_coordination,6568.42105263158,6384.000000000002,12952.421052631582,647.6210526315791,2757.0602493074794,592.67625,3349.7364993074793,288.2462694742932,935.8673221058723
